Date,ClientID,MID,City,Owner,Rate,AN_0,AN_1,AN_2,AN_3,AN_4,AN_5,AN_6,AN_7,AN_8,AN_9,AN_10,AN_11,AN_12,AN_13,AN_14,AN_15,AN_16,AN_17,AN_18,AN_19,AN_20,AN_21,AN_22,AN_23,AN_24,AN_25,AN_26,AN_27,AN_28,AN_29,AN_30,AN_31,AN_32,AN_33,AN_34,AN_35,AN_36,AN_37,AN_38,AN_39,AN_40,AN_41,AN_42,AN_43,AN_44,AN_45,AN_46,AN_47,AN_48,AN_49,AN_50,AN_51,AN_52,AN_53,AN_54,AN_55,AN_56,AN_57,AN_58,AN_59,AN_60,AN_61,AN_62,AN_63,AN_64,AN_65,AN_66,AN_67,AN_68,AN_69,AN_70,AN_71,AN_72,AN_73,AN_74,AN_75,AN_76,AN_77,AN_78,AN_79,AN_80,AN_81,AN_82,AN_83,AN_84,AN_85,AN_86,AN_87,AN_88,AN_89,AN_90,AN_91,AN_92,AN_93,AN_94,AN_95,AN_96,AN_97,AN_98,AN_99
2020-08-11 13:07:24.130699,1112,123456790,London,Amanda,,917,210,399,553,7,329,651,490,819,567,637,203,504,98,798,21,245,469,777,924,910,329,966,910,511,413,735,721,245,574,301,476,812,609,910,105,840,490,511,392,889,658,511,833,784,343,763,581,112,658,742,539,630,217,385,35,567,238,770,385,56,7,301,714,868,189,763,462,840,693,840,756,889,693,539,910,525,329,791,392,217,392,588,217,616,273,847,140,210,805,63,616,63,707,756,672,896,322,581,777
2020-08-10 13:07:24.130699,1113,123456791,London,Ivan,,28,735,217,966,392,378,350,686,154,133,777,623,294,882,637,189,560,938,637,427,917,567,217,49,336,322,504,217,595,567,259,938,539,392,301,784,84,322,910,154,553,357,609,231,448,616,140,371,105,280,427,420,672,406,784,308,161,196,812,490,63,525,210,945,553,952,980,952,798,511,483,553,616,70,105,455,483,623,252,427,665,462,637,910,931,588,490,329,168,490,903,756,98,644,546,560,245,322,700,777
2020-08-09 13:07:24.130699,1114,123456792,London,Andrew,,420,413,259,973,966,546,525,140,455,784,511,287,980,42,175,189,441,511,805,385,427,644,567,231,903,147,539,861,987,868,644,938,0,91,539,938,798,28,84,567,455,490,644,483,910,378,98,336,63,791,735,175,182,805,735,700,539,105,784,287,469,105,315,924,504,721,266,805,539,245,518,854,819,105,728,399,875,364,798,707,868,602,602,217,931,7,553,147,329,105,231,287,119,896,294,63,924,238,322,980
2020-08-08 13:07:24.130699,1115,123456793,London,Anabele,,707,343,560,665,735,28,763,973,483,637,490,945,672,21,679,630,595,14,749,623,21,161,49,994,98,973,273,462,7,777,406,126,798,553,938,721,952,266,875,14,427,805,371,462,399,511,21,791,280,826,126,812,602,175,602,518,630,49,581,14,280,252,763,364,819,805,805,329,322,448,805,623,483,896,196,308,322,392,539,329,602,882,679,518,147,980,406,399,294,497,336,252,875,147,434,462,441,413,469,735
2020-08-07 13:07:24.130699,1116,123456794,London,John,,721,385,154,462,336,273,336,259,77,273,399,371,483,168,805,553,273,777,329,420,112,595,623,231,945,532,707,861,994,686,119,686,966,126,56,980,847,210,175,119,0,707,56,875,490,196,147,434,938,42,238,154,672,308,371,7,903,749,763,441,273,980,560,896,623,77,581,819,140,350,742,70,973,371,483,91,245,70,679,483,910,483,378,553,840,182,280,350,406,714,567,882,0,231,686,763,301,504,763,294
2020-08-06 13:07:24.130699,1117,123456795,London,Anabele,,861,112,518,455,840,623,728,987,224,924,973,945,924,280,315,630,280,168,966,770,770,63,910,392,385,994,154,259,658,133,812,980,294,882,98,350,210,777,266,861,994,35,539,105,175,448,427,826,448,238,868,980,308,259,630,245,343,854,0,903,707,133,119,847,644,763,637,728,847,399,917,49,980,189,784,721,490,546,70,770,686,518,840,266,42,525,623,336,343,700,42,98,469,434,672,322,182,182,546,875
2020-08-05 13:07:24.130699,1118,123456796,London,John,,812,749,322,63,189,35,154,931,231,518,98,175,672,140,168,777,63,847,14,322,812,644,147,931,693,182,756,371,147,245,994,399,721,882,420,665,749,0,532,126,84,798,826,742,189,196,182,210,189,791,469,525,161,854,70,609,994,91,28,868,329,679,483,287,693,868,931,252,994,644,721,539,833,532,329,595,812,196,644,497,210,371,455,875,854,0,560,973,224,210,889,0,924,504,49,504,791,623,763,791
2020-08-04 13:07:24.130699,1119,123456797,London,Bill,,308,77,994,119,693,826,490,504,119,336,364,532,938,203,91,392,952,574,399,154,525,700,637,427,889,147,840,938,749,98,427,623,420,931,798,665,56,196,994,847,329,651,385,182,924,553,441,847,301,602,105,238,161,287,812,217,966,791,637,329,224,770,224,161,336,630,196,84,427,70,686,357,7,420,525,588,112,623,756,574,322,819,462,714,399,497,189,637,868,553,588,210,483,133,49,196,938,490,931,903
2020-08-03 13:07:24.130699,1120,123456798,London,Amanda,,231,756,574,273,119,700,777,462,889,273,329,938,651,917,693,798,329,287,357,77,672,140,357,392,567,35,994,175,315,91,378,420,497,7,910,749,672,147,756,567,798,917,259,385,42,182,119,147,854,553,371,294,231,966,819,819,959,273,546,518,42,35,616,952,322,868,644,371,595,553,238,133,504,56,119,833,441,252,644,924,924,441,518,959,686,854,182,294,644,798,462,28,322,742,504,91,133,756,609,679
2020-08-02 13:07:24.130699,1121,123456799,London,Roger,,798,273,350,357,672,546,210,952,819,126,189,630,266,140,903,609,567,616,21,861,476,175,245,602,742,854,35,231,308,637,966,21,224,539,819,308,56,308,70,329,532,882,84,84,868,420,217,147,980,504,161,588,63,770,791,98,763,119,0,882,910,882,210,819,686,287,966,441,161,931,70,588,707,287,84,315,686,665,42,686,0,413,476,434,84,434,763,889,462,217,833,42,539,84,833,847,140,434,959,847
2020-08-01 13:07:24.130699,1122,123456800,New York,Minty,,938,833,616,462,896,595,140,406,994,315,308,742,819,294,938,959,462,560,385,490,539,511,280,945,917,574,336,28,42,826,791,602,644,14,826,574,707,574,945,889,70,658,938,35,581,945,777,28,574,84,770,280,728,357,609,84,994,847,329,448,343,154,343,784,280,805,315,329,553,742,483,441,595,966,238,497,14,350,889,0,511,448,826,868,938,945,497,609,329,637,539,882,560,987,994,161,287,371,784,462
2020-07-31 13:07:24.130699,1123,123456801,New York,Andrew,,161,329,490,399,476,952,91,301,98,406,70,231,826,966,378,889,658,308,371,959,651,889,196,490,805,168,84,497,378,875,728,294,455,77,763,539,980,7,182,189,896,119,826,973,532,189,140,441,378,203,497,896,406,490,161,868,574,616,49,329,0,203,672,875,238,70,784,483,476,343,910,28,203,371,119,693,728,378,98,868,245,105,385,770,35,742,651,280,203,133,966,861,462,287,882,868,301,994,532,504
2020-07-30 13:07:24.130699,1124,123456802,New York,Bill,,644,238,553,133,889,700,105,609,819,175,798,14,875,784,686,777,210,126,560,581,763,952,392,875,910,259,98,525,581,735,931,812,357,147,329,238,931,476,126,280,147,693,434,483,546,763,714,959,126,497,735,973,672,497,259,595,595,679,413,266,938,161,273,266,434,896,427,924,217,441,637,588,679,553,105,539,903,826,238,798,868,259,567,385,287,882,798,651,280,490,931,693,532,518,406,112,539,560,259,7
2020-07-29 13:07:24.130699,1125,123456803,New York,Bill,,966,553,182,154,238,840,847,483,322,644,560,189,448,140,532,833,455,266,497,28,896,357,406,945,329,658,217,651,105,707,119,49,602,784,350,70,49,798,511,385,707,91,623,280,98,847,406,504,728,259,812,0,798,56,511,931,28,483,231,553,854,938,847,819,889,224,77,210,294,434,147,959,861,301,126,840,364,742,35,714,112,168,378,546,693,238,14,826,266,700,217,112,56,154,399,602,315,476,672,259
2020-07-28 13:07:24.130699,1126,123456804,New York,Bill,,483,525,112,693,861,203,812,987,637,182,343,238,420,525,140,637,161,210,301,28,364,378,301,833,532,770,49,672,336,889,441,721,420,707,798,539,819,539,868,259,427,175,819,819,574,196,434,539,392,182,504,770,854,616,357,168,308,252,21,686,672,336,7,42,973,28,154,749,609,742,413,308,245,455,385,119,938,868,441,532,140,63,413,84,903,756,525,777,287,630,735,112,735,994,413,616,833,336,924,182
2020-07-27 13:07:24.130699,1127,123456805,New York,Ivan,,623,756,21,280,175,686,490,819,868,406,147,63,28,287,637,161,882,945,63,252,259,133,490,861,119,889,791,805,525,315,280,448,742,952,539,560,868,966,406,245,399,658,945,28,560,847,854,791,791,854,56,581,238,833,945,266,119,798,441,168,518,840,686,868,112,14,616,63,0,70,868,301,952,777,308,476,525,406,770,161,889,0,945,504,756,672,245,819,259,126,602,609,742,56,609,91,252,189,329,560
2020-07-26 13:07:24.130699,1128,123456806,New York,Fanty,,266,854,413,182,287,567,63,483,644,665,840,637,896,658,154,133,616,308,938,630,161,861,959,350,126,868,546,217,840,357,511,434,427,287,938,98,497,847,784,112,217,574,154,840,329,826,357,182,665,462,294,14,294,728,805,189,896,567,231,280,819,539,126,658,924,406,798,196,413,546,693,770,182,231,574,875,861,77,497,861,861,308,224,637,301,196,707,210,217,105,322,490,413,203,175,532,812,392,539,217
2020-07-25 13:07:24.130699,1129,123456807,New York,Fanty,,686,518,497,70,980,882,854,210,791,154,798,434,798,749,889,490,63,385,231,609,945,175,784,420,196,546,952,693,784,805,756,840,812,910,728,217,273,21,931,49,945,966,707,161,322,868,721,868,819,672,259,203,630,245,35,91,84,42,294,588,987,742,945,819,553,189,427,21,756,770,630,315,707,448,630,105,896,987,196,469,63,189,644,581,945,56,980,686,483,56,245,84,63,917,273,777,826,896,427,903
2020-07-24 13:07:24.130699,1130,123456808,New York,Fanty,,378,7,798,847,714,973,77,973,231,518,378,658,728,28,875,357,581,105,966,49,945,854,196,259,42,476,490,140,168,357,427,371,364,119,28,931,938,588,259,266,574,238,791,973,581,938,154,798,511,700,567,630,168,931,189,861,525,196,147,917,49,973,910,140,742,658,924,56,784,329,399,756,574,693,623,252,84,434,616,280,665,672,21,763,630,665,49,322,56,259,889,749,511,973,168,784,21,714,14,623
2020-07-23 13:07:24.130699,1131,123456809,New York,Anabele,,462,707,532,252,21,693,833,476,700,231,245,539,973,581,665,539,357,658,959,819,742,63,770,672,308,945,609,868,609,931,56,315,735,574,210,833,518,651,231,854,371,182,679,154,294,714,476,315,917,406,707,238,595,112,392,749,770,14,728,616,714,399,490,441,105,434,161,581,217,105,546,175,987,175,742,140,973,469,21,203,630,441,805,399,798,343,756,252,994,910,392,721,602,560,385,784,217,455,854,105
2020-07-22 13:07:24.130699,1132,123456810,Munich,John,,994,238,826,49,252,791,273,518,427,756,252,560,434,812,147,924,483,91,406,833,553,483,210,791,420,448,910,987,826,161,231,217,882,812,924,63,427,168,714,819,910,413,161,147,924,560,525,266,546,987,84,973,70,112,490,602,252,315,119,525,840,154,476,511,469,938,273,497,693,434,952,70,14,84,917,686,280,336,574,938,987,686,770,763,602,581,665,553,672,588,763,644,259,357,651,714,483,196,427,868
2020-07-21 13:07:24.130699,1133,123456811,Munich,Andrew,,28,945,308,329,266,77,21,210,959,294,826,413,854,868,679,168,203,693,602,896,392,231,357,315,161,28,791,133,294,546,455,476,434,448,224,161,91,70,861,287,840,287,770,112,392,385,539,105,455,252,931,385,504,420,833,742,273,700,63,504,469,651,924,231,238,658,455,651,0,259,182,140,238,308,910,644,378,49,350,854,245,112,147,644,14,623,798,602,763,714,644,217,602,602,308,308,672,364,238,840
2020-07-20 13:07:24.130699,1134,123456812,Munich,Mike,,133,140,357,343,189,644,147,707,595,826,28,350,476,588,812,189,280,784,903,511,959,994,371,756,700,546,126,105,105,266,882,350,518,910,623,504,651,497,462,231,686,931,896,588,728,112,210,392,196,581,994,553,91,21,805,35,476,266,252,7,651,511,126,182,259,483,336,609,728,434,119,490,63,896,896,329,119,763,329,952,791,882,91,77,497,35,7,952,903,721,462,679,595,777,406,56,567,497,882,490
2020-07-19 13:07:24.130699,1135,123456813,Munich,John,,518,987,399,798,819,763,861,756,896,406,798,910,749,119,350,56,196,385,7,742,903,686,189,812,490,490,840,98,959,686,798,896,546,434,441,623,798,126,539,644,154,245,525,525,84,70,28,581,112,490,861,406,658,693,889,140,833,777,819,63,714,861,224,154,420,189,707,854,574,203,679,77,609,742,259,574,714,0,693,882,770,252,567,455,952,91,7,280,392,238,245,959,343,518,357,455,77,819,35,567
2020-07-18 13:07:24.130699,1136,123456814,Munich,Andrew,,133,441,371,28,658,770,511,469,833,308,861,203,630,98,546,161,224,791,749,959,742,679,182,203,511,336,959,721,504,140,945,231,707,182,882,63,133,84,455,812,945,14,518,77,777,7,245,224,763,28,35,623,469,476,154,553,252,119,77,42,91,42,448,259,427,602,868,336,196,217,175,119,735,980,889,161,301,21,7,364,266,938,966,315,812,651,189,231,154,672,413,329,805,203,140,140,588,714,714,287
2020-07-17 13:07:24.130699,1137,123456815,Munich,Ivan,,833,749,126,91,7,917,259,420,420,994,756,364,217,357,581,616,847,0,385,196,609,77,567,672,168,210,91,826,637,329,224,252,896,861,721,217,784,14,322,56,588,350,504,931,413,721,385,504,784,315,637,84,826,714,196,329,609,833,336,175,21,469,959,938,434,434,84,728,357,217,497,350,518,84,616,371,882,406,784,966,147,889,686,868,581,525,217,553,343,861,980,763,469,693,532,301,917,434,147,112
2020-07-16 13:07:24.130699,1138,123456816,Munich,Fanty,,252,427,742,945,217,329,371,399,497,462,98,924,273,833,952,343,434,714,427,399,63,315,700,532,63,245,308,357,770,763,161,686,322,945,63,105,336,14,952,980,266,168,273,896,126,588,259,791,749,931,196,455,980,91,630,840,665,728,546,742,616,469,882,483,700,448,105,973,392,357,21,903,651,280,294,917,819,854,336,63,630,770,203,469,693,581,812,882,140,308,602,329,126,280,728,539,273,133,938,490
2020-07-15 13:07:24.130699,1139,123456817,Munich,Minty,,581,455,938,868,63,588,994,119,763,693,959,112,735,364,728,686,252,406,336,847,637,455,917,889,119,679,931,434,287,14,756,112,805,798,854,329,959,385,847,49,679,784,224,343,301,427,609,903,49,917,126,833,567,476,259,203,462,588,581,462,364,217,427,588,434,28,805,994,896,868,70,910,385,826,427,441,658,56,518,448,105,749,609,721,140,91,917,140,154,448,217,609,385,196,931,42,147,896,588,343
2020-07-14 13:07:24.130699,1140,123456818,Munich,Roger,,994,616,63,665,441,63,399,560,119,525,357,987,462,693,462,693,126,287,700,630,525,371,112,812,959,588,175,651,791,343,602,658,385,238,546,252,539,273,105,203,567,329,616,728,203,315,987,259,588,980,609,714,378,728,847,469,511,672,252,980,728,322,84,553,938,931,721,469,168,259,364,847,140,910,931,0,931,938,707,805,742,595,721,749,357,294,980,560,791,847,735,504,196,623,770,623,371,49,882,819
2020-07-13 13:07:24.130699,1141,123456819,Munich,Amanda,,406,756,651,189,560,812,693,140,259,805,980,35,812,917,301,847,840,21,112,861,917,679,231,504,749,434,154,133,119,980,28,399,742,721,980,875,189,441,105,518,679,686,511,357,812,329,49,812,371,504,630,294,679,91,322,742,651,98,924,21,868,399,987,553,280,623,0,126,49,644,805,749,280,490,777,231,196,574,581,112,588,105,763,805,238,672,189,154,581,77,959,266,840,791,14,336,420,854,392,651
2020-07-12 13:07:24.130699,1142,123456820,Paris,John,,168,511,322,917,763,903,112,924,140,448,903,917,644,21,91,217,945,938,168,945,560,889,469,770,378,700,770,42,84,875,231,336,378,385,672,56,945,637,679,798,420,63,259,973,987,945,630,91,742,140,546,210,987,987,21,763,224,455,931,588,469,294,469,105,448,707,679,196,861,147,959,763,756,378,959,532,35,175,784,364,868,28,77,371,980,343,224,532,168,784,476,329,252,721,924,112,42,966,105,147
2020-07-11 13:07:24.130699,1143,123456821,Paris,Mike,,805,987,98,455,952,462,665,210,70,924,924,847,301,805,147,231,217,798,910,280,427,161,651,714,91,903,168,504,735,245,175,70,840,854,826,238,784,987,497,371,308,742,259,266,238,245,238,42,343,812,329,315,308,21,504,574,728,336,77,651,623,252,693,728,154,973,945,245,371,252,581,693,819,497,987,357,357,63,0,553,308,441,140,539,546,938,455,945,868,287,483,770,910,154,966,742,21,637,777,98
2020-07-10 13:07:24.130699,1144,123456822,Paris,Roger,,889,231,294,420,245,588,133,875,420,112,497,343,840,343,945,224,308,553,42,623,973,210,448,546,420,721,980,182,84,413,490,406,931,7,70,266,28,728,966,49,602,343,63,847,833,315,266,693,784,385,420,889,518,973,658,924,63,287,490,245,280,595,245,504,203,49,518,728,658,770,749,742,245,98,945,203,532,490,0,714,343,567,350,910,350,721,875,385,364,7,259,812,245,651,56,567,56,588,588,952
2020-07-09 13:07:24.130699,1145,123456823,Paris,Roger,,322,742,462,868,756,0,770,203,308,378,56,455,791,203,133,119,980,203,497,987,0,175,350,581,504,644,504,742,917,875,623,798,266,644,700,266,126,910,665,70,182,70,630,42,448,322,763,595,315,777,518,805,686,49,133,322,882,518,301,343,168,644,903,182,882,784,231,105,126,644,329,651,777,441,875,679,868,686,861,231,756,567,896,980,511,301,511,805,14,945,910,203,357,651,35,371,840,805,616,245
2020-07-08 13:07:24.130699,1146,123456824,Paris,Bill,,329,266,861,252,539,371,868,245,112,231,189,168,616,147,889,861,924,910,469,672,854,189,546,315,742,315,763,294,392,616,434,784,819,7,882,861,770,217,273,0,322,980,910,98,301,126,581,497,917,721,686,735,126,469,231,133,742,343,896,819,854,777,511,210,665,42,14,980,896,364,476,392,469,203,196,532,441,504,420,175,441,196,105,525,126,861,455,665,896,322,301,112,399,679,42,819,847,938,749,700
2020-07-07 13:07:24.130699,1147,123456825,Paris,Ivan,,350,63,945,364,56,917,112,392,504,343,777,441,525,434,434,532,84,798,245,252,35,637,441,322,525,952,49,742,735,413,168,980,308,294,560,413,616,385,189,434,980,231,133,805,560,896,798,182,413,686,630,434,245,595,490,756,420,182,721,798,735,266,959,399,994,161,581,672,532,322,350,700,763,665,581,490,287,994,147,770,364,924,322,245,602,735,994,441,588,462,49,819,679,406,147,714,945,952,763,14
2020-07-06 13:07:24.130699,1148,123456826,Paris,Bill,,833,406,364,406,98,147,385,126,889,343,126,91,525,196,665,210,175,322,357,511,168,819,679,910,882,539,154,84,728,651,210,70,259,805,203,280,938,161,231,189,84,385,112,224,441,182,602,63,770,364,70,231,679,889,812,21,952,476,28,924,427,98,546,735,420,812,518,651,182,546,973,203,105,574,973,518,231,714,217,441,686,245,672,371,637,546,791,896,126,301,0,77,812,574,490,637,238,357,357,329
2020-07-05 13:07:24.130699,1149,123456827,Paris,Ivan,,812,119,28,462,476,154,455,875,35,196,952,0,721,616,483,749,938,952,903,427,868,770,574,322,707,896,322,931,315,224,630,28,469,357,567,882,546,392,210,476,959,189,434,952,42,182,56,847,273,826,140,21,735,371,847,672,259,987,441,455,714,644,812,98,371,896,7,700,35,322,497,938,469,273,385,273,462,658,854,987,119,7,735,700,665,938,812,63,0,875,812,910,518,63,840,539,924,273,987,49
2020-07-04 13:07:24.130699,1150,123456828,Paris,John,,623,245,434,63,28,742,490,56,119,63,679,406,553,840,119,301,917,42,896,770,168,602,413,721,119,21,812,245,882,966,329,42,357,952,798,812,630,28,763,161,770,735,469,273,903,497,210,756,567,784,511,245,931,322,945,336,980,119,259,154,742,343,14,112,406,672,602,476,665,182,140,140,602,77,189,301,294,826,224,609,931,329,616,735,665,693,945,476,133,546,805,476,595,56,875,595,693,693,133,322
2020-07-03 13:07:24.130699,1151,123456829,Paris,John,,987,7,644,350,70,56,0,777,168,651,385,560,406,679,91,14,693,28,413,7,301,21,77,749,469,840,574,252,819,49,84,49,126,679,476,623,217,413,210,840,721,378,161,266,371,294,560,322,175,161,378,952,119,483,980,882,567,994,462,658,343,959,861,980,238,833,798,826,490,182,161,679,595,469,924,945,357,539,483,518,105,532,644,518,560,728,63,483,952,504,882,175,504,749,455,175,210,42,875,903
2020-07-02 13:07:24.130699,1152,123456830,Madrid,Bill,,770,721,392,483,259,994,973,903,896,294,994,868,945,987,847,882,798,749,714,252,217,357,308,910,679,812,854,910,175,945,637,420,140,637,763,518,28,399,308,105,651,70,56,14,910,168,546,700,287,546,308,630,273,721,105,959,378,693,525,602,350,511,7,224,616,91,350,805,728,462,7,630,581,343,539,224,707,672,385,721,28,763,511,525,742,623,833,441,581,560,756,469,42,959,84,35,21,833,259,931
2020-07-01 13:07:24.130699,1153,123456831,Madrid,Minty,,798,301,399,889,539,0,126,525,735,784,553,0,70,588,700,399,322,644,112,630,364,686,525,42,665,910,679,322,539,861,182,49,259,630,245,91,868,665,35,546,210,602,70,812,728,882,413,28,497,7,217,70,357,77,504,959,700,504,847,581,49,910,112,413,168,490,630,728,707,385,511,154,63,672,245,987,385,252,266,63,21,399,707,441,21,294,308,784,448,406,931,105,91,245,700,938,343,420,595,609
2020-06-30 13:07:24.130699,1154,123456832,Madrid,Roger,,448,525,308,861,441,168,371,504,875,756,602,945,791,938,553,826,728,980,434,623,210,147,77,448,385,560,161,336,371,896,966,504,42,686,679,966,105,126,455,413,112,511,763,140,63,882,952,889,14,658,252,812,672,980,168,973,560,882,609,7,126,259,70,273,826,784,168,364,294,791,931,630,658,756,49,252,588,399,56,217,861,595,448,392,518,238,721,196,245,588,903,406,126,581,42,406,322,133,875,231
2020-06-29 13:07:24.130699,1155,123456833,Madrid,Amanda,,994,140,399,77,623,399,630,378,238,665,238,854,798,0,721,434,644,665,287,315,560,686,434,364,518,868,581,189,406,175,77,315,147,133,462,756,21,301,567,742,399,728,791,259,70,763,189,560,7,252,259,238,63,700,777,28,56,105,497,343,938,217,945,700,924,595,56,294,574,728,462,105,686,133,952,357,273,105,105,112,287,966,532,735,735,231,903,378,301,238,238,868,651,91,371,819,406,917,259,469
2020-06-28 13:07:24.130699,1156,123456834,Madrid,Andrew,,574,616,476,168,427,490,567,210,385,42,469,749,196,434,672,840,973,938,826,903,896,721,805,294,112,917,931,805,406,252,287,462,434,798,70,364,252,168,371,728,301,399,553,476,791,427,539,182,91,266,833,448,567,462,637,154,35,826,952,938,854,112,343,112,392,756,602,259,119,119,7,161,441,903,112,686,294,287,630,385,651,91,560,42,574,539,371,448,714,826,140,56,511,714,49,224,714,917,532,182
2020-06-27 13:07:24.130699,1157,123456835,Madrid,Minty,,56,322,665,252,679,952,399,924,84,987,231,903,252,826,91,448,63,567,539,672,812,98,945,805,917,238,861,357,581,735,133,609,336,931,917,231,917,728,14,287,826,574,539,147,966,700,581,630,714,35,168,308,840,301,140,966,826,385,84,301,987,308,966,840,42,77,420,532,854,455,721,700,707,490,882,448,658,707,511,616,231,826,420,644,280,952,945,273,112,35,21,693,595,567,399,490,889,427,357,280
2020-06-26 13:07:24.130699,1158,123456836,Madrid,Mike,,245,595,371,763,833,56,770,560,560,483,917,182,385,483,910,385,574,434,448,805,343,546,336,749,168,427,7,728,406,567,294,133,987,112,273,224,196,651,133,994,273,791,210,987,735,161,266,203,497,903,175,693,686,861,707,427,98,903,0,868,539,448,126,483,518,770,210,693,231,567,686,259,357,259,329,833,973,266,735,714,658,49,84,819,14,553,679,7,448,231,581,861,812,126,686,406,294,70,938,350
2020-06-25 13:07:24.130699,1159,123456837,Madrid,Amanda,,315,784,259,567,448,819,483,896,630,413,525,322,98,490,497,329,651,749,854,931,840,483,217,945,973,336,399,259,973,252,658,525,14,532,203,28,364,987,882,224,756,938,21,231,609,602,133,518,658,581,784,343,28,497,994,966,399,511,917,952,896,504,959,308,770,371,280,637,987,840,448,203,861,819,413,987,273,175,434,329,707,770,224,259,84,98,784,301,644,721,889,651,406,952,742,987,959,581,707,595
2020-06-24 13:07:24.130699,1160,123456838,Madrid,Andrew,,350,189,644,161,658,700,798,532,0,574,455,707,91,658,546,336,539,329,434,84,210,595,91,266,301,952,658,700,21,252,854,966,294,483,980,938,567,763,546,413,924,273,700,161,385,56,105,420,7,119,301,707,735,210,161,469,105,427,721,882,252,784,574,826,42,231,14,840,336,931,462,980,875,182,308,952,903,392,546,133,77,364,777,98,826,189,357,105,693,378,105,609,658,392,385,826,623,196,770,931
2020-06-23 13:07:24.130699,1161,123456839,Madrid,Minty,,441,896,539,644,637,476,672,175,476,672,427,7,140,252,721,413,7,420,315,973,21,658,252,952,868,728,420,119,567,637,959,448,91,238,952,413,546,735,364,686,70,154,189,924,518,98,483,987,28,406,350,798,924,917,693,623,245,224,966,252,574,721,448,231,602,714,406,686,252,182,651,560,469,889,875,616,826,42,917,840,924,945,868,889,336,126,847,777,539,812,336,469,462,910,721,343,973,77,581,385
2020-06-22 13:07:24.130699,1162,123456840,Orlando,Andrew,,504,294,847,413,322,364,392,707,987,819,462,609,644,7,819,497,518,539,336,476,791,637,371,308,518,924,896,833,833,798,427,315,511,427,952,889,700,175,504,602,595,889,882,196,721,623,455,889,714,245,854,721,0,231,483,700,441,42,63,700,553,70,483,532,301,77,539,126,357,784,42,35,287,875,882,630,728,973,700,770,343,56,203,413,441,245,63,805,140,147,399,70,98,952,518,805,959,350,308,378
2020-06-21 13:07:24.130699,1163,123456841,Orlando,Fanty,,609,595,126,609,322,658,119,231,763,917,525,637,287,42,924,728,616,595,777,525,707,518,672,819,518,455,455,812,210,56,609,14,679,84,315,378,420,462,392,721,203,735,217,644,203,406,259,497,329,546,882,980,896,329,448,35,378,35,637,630,161,721,553,917,749,420,574,644,182,469,630,847,882,427,49,875,595,378,385,231,378,623,763,616,476,910,602,903,42,532,469,518,476,371,721,889,476,399,721,588
2020-06-20 13:07:24.130699,1164,123456842,Orlando,Anabele,,252,231,266,287,210,7,469,770,7,700,56,266,105,623,126,693,553,182,931,553,21,847,728,441,987,973,637,196,378,966,630,336,672,434,308,147,714,665,693,441,238,35,448,693,819,931,329,581,994,945,658,679,245,448,679,476,742,427,238,854,364,574,700,147,609,784,469,469,777,539,665,126,238,343,84,350,889,644,210,224,532,196,658,91,112,721,539,987,56,476,91,896,112,609,889,910,539,826,931,238
2020-06-19 13:07:24.130699,1165,123456843,Orlando,Andrew,,546,833,259,210,945,665,238,728,833,231,238,273,973,896,273,637,483,196,581,112,623,371,112,371,301,399,910,672,238,763,812,301,917,910,112,784,784,812,980,56,105,567,476,714,14,161,448,784,707,238,763,532,910,763,686,539,42,315,539,595,329,140,735,959,980,651,868,931,973,518,441,350,574,525,343,462,77,938,14,259,770,112,595,490,854,301,245,231,735,700,21,595,812,350,0,182,126,868,154,406
2020-06-18 13:07:24.130699,1166,123456844,Orlando,Ivan,,595,154,854,0,938,861,931,343,840,672,854,847,119,623,910,147,826,525,574,0,630,952,525,658,714,959,70,686,28,882,945,637,287,707,609,252,763,203,91,609,378,378,602,280,994,791,532,210,357,112,763,154,910,266,154,784,413,910,224,154,574,539,112,343,847,336,707,875,427,322,301,441,364,413,651,301,980,112,35,868,0,903,210,952,378,392,392,28,693,154,532,476,112,791,378,567,812,560,315,469
2020-06-17 13:07:24.130699,1167,123456845,Orlando,Amanda,,924,273,882,721,364,189,497,273,630,70,812,357,630,518,973,455,539,840,126,126,693,784,77,133,651,714,217,364,910,833,448,756,126,259,826,987,84,161,140,959,63,280,287,784,280,882,777,112,735,826,483,665,798,714,847,238,539,413,749,392,945,7,749,462,651,966,301,798,574,784,588,840,266,287,980,868,910,735,518,980,609,931,938,350,721,994,854,889,63,91,672,847,490,420,392,140,231,203,616,868
2020-06-16 13:07:24.130699,1168,123456846,Orlando,Bill,,483,133,910,735,0,658,238,70,35,987,287,574,637,42,756,525,875,245,315,322,623,427,609,336,392,854,182,224,497,7,910,665,329,735,427,875,322,707,987,483,133,763,980,406,819,553,798,140,434,686,756,84,287,189,392,399,273,126,917,840,28,357,714,777,882,658,343,119,112,210,539,371,539,483,301,98,868,686,707,140,896,77,343,861,658,364,42,469,644,441,637,791,147,581,973,28,287,686,693,749
2020-06-15 13:07:24.130699,1169,123456847,Orlando,Anabele,,805,441,686,483,21,63,203,924,532,805,980,798,385,7,56,77,105,826,896,406,574,294,686,308,686,931,812,574,665,91,56,119,945,70,441,217,35,742,616,833,133,49,133,483,336,140,203,357,357,728,798,840,973,343,497,476,336,329,189,756,315,791,546,434,945,273,28,217,875,427,294,0,413,448,266,56,623,763,637,658,301,133,273,238,168,70,280,546,385,294,469,539,105,392,301,476,826,294,7,245
2020-06-14 13:07:24.130699,1170,123456848,Orlando,Minty,,644,917,77,826,742,336,448,147,518,308,910,259,903,196,693,805,126,497,616,63,189,707,574,840,287,728,350,490,469,350,280,616,532,861,455,301,861,805,560,700,707,854,98,966,84,189,693,420,469,245,945,917,112,588,224,679,959,833,658,637,749,28,427,714,469,147,581,490,406,483,665,700,672,567,784,952,399,434,14,133,609,630,756,371,84,917,357,553,280,889,770,7,826,763,959,392,700,364,574,119
2020-06-13 13:07:24.130699,1171,123456849,Orlando,Amanda,,847,91,56,266,763,203,651,819,273,28,672,798,168,840,833,112,336,301,875,231,329,217,665,413,630,616,567,133,231,735,861,126,700,154,161,833,686,581,784,63,861,980,392,882,329,770,490,140,931,616,315,231,700,133,238,140,882,973,798,889,413,938,140,945,728,868,784,287,791,203,868,812,595,567,196,357,112,35,98,924,560,518,448,252,693,217,350,427,42,994,399,420,455,266,266,133,0,63,672,784
2020-06-12 13:07:24.130699,1172,123456850,Pompano Beach,Amanda,,357,651,952,189,938,315,77,238,322,63,7,441,182,182,959,973,147,98,686,189,560,217,280,959,217,777,728,371,273,189,742,434,924,126,875,392,322,238,371,413,245,623,868,826,350,427,826,112,224,238,427,196,980,49,805,77,385,931,28,273,77,210,973,539,525,231,287,616,231,336,63,805,161,630,28,308,490,7,497,903,427,602,259,77,336,959,938,518,392,903,336,721,266,952,560,749,700,105,623,595
2020-06-11 13:07:24.130699,1173,123456851,Pompano Beach,Anabele,,644,840,567,511,280,973,861,140,399,854,126,196,161,245,42,553,441,273,679,882,70,525,721,679,217,560,399,441,469,588,42,798,175,63,427,287,938,861,931,469,945,623,245,896,784,938,21,931,616,441,413,0,812,322,336,420,567,490,266,210,770,35,728,308,896,784,546,861,294,343,861,371,504,469,343,714,476,623,658,63,686,420,378,378,805,413,952,455,805,441,7,693,658,483,651,329,70,392,511,945
2020-06-10 13:07:24.130699,1174,123456852,Pompano Beach,Ivan,,91,476,455,476,56,427,882,350,266,42,455,721,315,721,567,812,917,889,644,469,623,875,294,609,322,462,693,245,217,728,763,490,161,126,931,714,133,35,448,854,364,777,840,868,91,728,63,133,455,931,161,455,672,525,147,553,602,840,203,413,420,28,574,420,826,665,343,917,182,308,560,574,581,14,798,609,28,126,644,378,805,91,231,56,399,714,294,938,637,231,98,707,399,763,259,378,497,259,917,210
2020-06-09 13:07:24.130699,1175,123456853,Pompano Beach,Minty,,273,490,987,567,728,581,329,378,574,805,784,322,0,980,812,581,0,658,532,462,553,805,392,322,385,406,238,581,91,756,896,833,280,448,273,119,63,252,147,385,315,861,357,917,707,364,49,217,28,756,595,525,420,378,21,756,777,364,910,336,861,294,14,994,735,868,119,490,658,287,112,49,112,133,301,126,308,889,560,147,931,959,686,133,490,364,763,119,126,427,581,504,686,756,161,938,469,924,665,329
2020-06-08 13:07:24.130699,1176,123456854,Pompano Beach,Minty,,728,455,91,217,189,245,665,728,294,273,105,707,441,350,630,945,875,343,784,504,616,882,966,28,868,273,665,735,588,903,413,896,133,434,693,350,700,686,406,105,406,588,14,14,700,301,280,427,504,938,273,854,203,378,385,679,49,749,441,504,567,742,840,847,273,196,280,742,847,574,455,882,609,322,644,532,392,490,763,714,329,903,399,770,70,574,777,476,483,497,133,553,840,371,448,483,497,119,742,651
2020-06-07 13:07:24.130699,1177,123456855,Pompano Beach,John,,28,595,35,721,791,553,812,378,644,959,784,616,651,756,266,252,609,119,553,672,798,161,847,595,98,189,959,364,420,28,385,147,679,525,784,14,294,630,574,490,511,77,238,546,315,770,420,168,658,854,147,763,84,896,994,448,868,602,714,182,931,140,133,966,238,0,203,49,336,483,168,994,826,238,854,392,924,455,539,609,784,693,637,364,245,112,826,483,427,728,875,266,868,329,665,98,28,245,357,917
2020-06-06 13:07:24.130699,1178,123456856,Pompano Beach,Fanty,,910,861,112,854,973,924,665,378,126,875,833,546,903,259,917,756,805,686,994,343,161,119,203,756,84,574,819,301,840,609,665,175,546,889,322,336,644,735,322,672,595,91,357,630,77,98,525,196,959,609,672,518,161,518,189,224,231,952,168,595,126,392,392,728,91,413,462,511,469,203,952,700,434,126,749,252,63,210,154,546,483,343,833,672,154,721,140,721,378,294,84,252,714,819,910,217,182,966,168,315
2020-06-05 13:07:24.130699,1179,123456857,Pompano Beach,Mike,,112,385,343,182,364,133,882,371,469,812,679,434,70,217,42,525,903,756,812,0,574,154,140,973,231,777,938,469,91,119,567,826,518,63,924,308,413,833,665,903,147,56,728,441,623,665,406,322,406,357,28,175,364,77,385,203,826,861,175,770,441,574,651,140,231,658,28,595,763,392,329,175,21,315,819,924,854,980,917,623,735,574,301,791,630,35,70,560,469,959,483,833,714,14,343,581,994,126,707,784
2020-06-04 13:07:24.130699,1180,123456858,Pompano Beach,Ivan,,861,875,42,287,721,371,511,938,161,861,693,0,308,399,203,7,420,280,875,273,630,469,630,252,189,938,357,413,546,378,154,973,42,434,385,84,161,882,399,616,868,728,679,63,973,126,518,574,364,630,63,637,231,896,280,833,84,56,287,476,770,0,336,434,133,945,308,483,903,112,329,21,224,196,749,903,518,532,266,672,917,672,987,259,938,329,714,644,882,924,469,805,798,336,882,175,707,98,224,455
2020-06-03 13:07:24.130699,1181,123456859,Pompano Beach,Anabele,,329,707,77,98,791,196,672,448,294,959,812,910,210,497,483,756,700,287,133,413,385,224,77,567,784,693,889,91,266,756,560,924,700,931,245,735,910,315,574,105,357,973,196,70,546,917,616,392,966,147,546,252,665,91,35,924,63,84,903,791,252,518,378,392,588,798,623,336,63,399,413,182,665,784,476,784,525,672,721,350,70,896,616,364,182,147,917,294,791,518,560,343,392,637,546,994,175,875,343,217
2020-06-02 13:07:24.130699,1182,123456860,Los Nageles,Roger,,350,266,735,840,371,868,413,896,945,812,819,714,616,840,602,315,364,917,434,406,616,308,637,154,497,28,924,476,196,686,217,224,469,406,147,826,252,749,812,35,133,21,196,413,875,868,413,56,161,651,28,917,56,763,966,294,273,392,399,959,665,595,259,952,917,805,7,483,602,371,903,140,238,532,630,287,294,406,847,665,189,826,441,175,427,875,539,546,189,259,791,735,483,959,945,371,994,595,161,532
2020-06-01 13:07:24.130699,1183,123456861,Los Nageles,Mike,,812,812,546,497,455,602,679,574,336,679,728,98,609,798,602,651,700,658,777,532,308,308,462,224,77,371,917,126,14,469,294,483,252,896,581,896,35,791,868,196,385,798,994,952,959,63,875,567,574,623,273,350,819,665,119,21,301,672,7,917,504,259,742,469,126,924,826,455,406,35,49,595,98,343,644,224,637,854,539,336,966,735,35,441,854,7,721,826,651,441,406,112,294,539,56,175,882,924,854,672
2020-05-31 13:07:24.130699,1184,123456862,Los Nageles,Mike,,21,861,980,161,154,462,343,910,42,749,742,378,98,679,462,791,511,441,42,308,672,119,805,259,945,616,84,224,476,840,903,945,392,280,784,399,413,70,931,756,385,133,609,784,406,21,609,581,672,644,868,959,469,826,952,203,259,602,56,98,371,427,77,21,56,119,595,665,679,847,588,889,175,490,980,392,728,665,147,672,763,994,98,161,434,357,987,987,21,875,49,63,406,329,777,273,133,630,0,378
2020-05-30 13:07:24.130699,1185,123456863,Los Nageles,Ivan,,651,735,714,553,63,469,98,511,140,266,301,861,728,973,210,434,595,714,812,399,798,448,770,161,77,0,378,126,805,238,0,945,861,112,203,539,126,280,175,126,826,161,959,511,0,217,70,42,980,434,511,546,798,371,91,623,91,798,931,560,238,469,763,658,805,182,189,294,98,679,658,98,539,504,105,525,329,525,371,448,280,497,539,672,721,945,840,553,119,434,133,791,770,504,357,903,644,574,987,763
2020-05-29 13:07:24.130699,1186,123456864,Los Nageles,Amanda,,658,574,910,280,350,357,602,840,189,924,924,420,63,840,392,427,931,980,560,91,490,266,525,504,637,875,868,56,896,847,630,315,840,714,0,462,511,469,371,686,406,350,980,763,938,441,917,574,917,140,798,105,364,917,539,658,588,903,672,168,693,273,196,427,308,42,952,420,693,147,357,322,854,364,91,308,511,840,973,7,490,882,791,896,588,560,889,539,854,672,539,833,336,623,413,448,224,133,847,42
2020-05-28 13:07:24.130699,1187,123456865,Los Nageles,Fanty,,385,497,469,889,819,168,483,406,420,462,798,420,588,462,448,994,357,819,994,707,518,623,217,833,833,980,147,672,742,973,112,651,462,959,987,196,595,945,742,210,140,637,924,812,476,385,616,315,945,371,784,770,476,287,728,105,966,770,224,707,812,266,651,735,938,217,105,945,210,707,224,413,238,602,560,476,630,126,553,399,581,133,252,336,665,994,497,665,112,518,441,728,7,882,560,651,721,784,588,448
2020-05-27 13:07:24.130699,1188,123456866,Los Nageles,Anabele,,154,728,805,952,77,203,266,770,266,854,280,147,287,721,462,532,693,70,441,476,455,490,714,308,532,861,434,91,497,819,980,259,903,98,532,826,812,77,602,581,420,714,861,364,763,658,497,91,644,0,707,21,602,483,868,623,875,476,434,672,224,959,812,189,679,21,581,679,476,112,175,777,84,77,560,210,427,462,294,77,504,819,98,245,210,196,483,994,910,469,700,644,238,749,819,196,532,812,980,651
2020-05-26 13:07:24.130699,1189,123456867,Los Nageles,Fanty,,105,147,560,0,910,630,14,224,630,777,497,903,959,518,742,917,462,126,35,91,84,623,889,637,924,322,658,357,931,203,161,511,805,112,210,273,329,686,413,462,413,189,91,497,826,546,931,259,371,252,497,812,588,742,623,882,98,378,434,973,497,721,910,462,0,497,231,350,63,378,910,623,889,98,756,49,763,938,448,364,700,273,826,35,308,28,364,903,322,588,511,987,994,504,511,7,896,532,924,693
2020-05-25 13:07:24.130699,1190,123456868,Los Nageles,Roger,,525,28,980,322,910,637,42,28,560,644,49,371,49,462,77,791,966,231,994,686,728,448,602,301,777,882,952,609,35,518,399,924,532,63,889,182,637,896,399,574,56,980,784,175,896,602,742,280,49,483,588,224,154,910,140,553,301,700,28,658,721,469,980,448,805,910,973,343,525,749,252,329,56,889,28,609,987,791,546,308,84,406,420,28,133,672,119,126,280,903,924,231,658,812,553,595,714,77,42,784
2020-05-24 13:07:24.130699,1191,123456869,Los Nageles,Roger,,497,105,441,497,196,98,476,231,812,721,56,819,805,497,238,448,210,329,84,98,910,518,469,462,434,455,784,553,343,392,560,490,868,511,868,350,350,217,483,364,595,161,616,434,399,938,714,679,182,735,770,525,763,0,371,840,623,637,217,539,476,742,7,392,392,483,868,336,903,245,14,35,105,189,70,7,714,483,455,350,427,644,798,231,77,266,343,959,35,287,105,546,644,490,868,910,56,154,861,525
2020-05-23 13:07:24.130699,1192,123456870,Nashville,Ivan,,532,210,448,385,329,28,721,609,385,980,735,742,924,189,343,371,399,574,441,91,518,539,357,56,322,868,217,574,210,672,35,889,693,21,98,98,14,133,938,651,637,511,805,287,532,336,399,357,532,861,0,119,56,896,924,686,294,966,819,49,280,952,763,714,336,581,616,336,616,588,679,168,161,980,847,245,560,329,672,448,259,35,70,35,847,917,574,371,182,154,119,651,63,616,805,966,0,105,343,329
2020-05-22 13:07:24.130699,1193,123456871,Nashville,Fanty,,196,238,910,560,294,161,357,658,371,315,889,931,749,63,7,987,602,35,924,175,469,742,511,819,805,315,938,28,686,308,651,707,966,147,350,238,119,49,966,973,504,259,301,602,700,623,301,399,63,623,903,679,147,525,364,7,686,854,469,588,686,623,245,406,819,707,217,525,434,714,56,763,322,154,917,161,238,560,168,833,826,161,182,665,210,973,560,448,98,42,623,147,588,259,910,644,133,476,735,294
2020-05-21 13:07:24.130699,1194,123456872,Nashville,John,,539,574,406,385,560,0,392,497,595,987,945,231,504,868,560,889,903,245,938,126,700,889,959,980,0,140,266,714,581,875,133,973,259,833,224,693,56,385,105,42,840,588,784,392,889,231,749,707,336,294,931,875,84,329,126,434,672,805,602,511,826,945,189,273,672,630,287,371,749,854,203,770,525,273,791,273,238,301,427,924,637,217,784,28,567,231,742,98,595,952,77,882,560,140,448,721,756,791,189,245
2020-05-20 13:07:24.130699,1195,123456873,Nashville,John,,392,266,91,952,819,952,315,21,952,833,280,833,945,497,266,420,371,364,105,700,567,231,623,77,112,847,70,483,539,245,434,665,623,280,154,126,616,357,56,644,714,413,42,42,735,623,427,231,693,875,210,259,994,378,462,175,217,980,945,931,98,812,112,49,672,168,196,196,763,931,686,812,112,854,910,959,280,266,392,77,910,574,791,441,49,336,896,42,70,343,728,357,665,833,938,973,224,560,931,826
2020-05-19 13:07:24.130699,1196,123456874,Nashville,Amanda,,931,798,119,805,588,434,805,49,476,490,182,777,525,833,287,532,707,798,119,308,777,133,854,119,448,525,945,287,140,378,938,406,917,378,588,7,903,63,581,490,56,924,840,504,833,252,770,875,147,126,707,91,644,924,161,637,378,770,462,406,896,994,833,854,777,140,728,392,532,637,847,364,994,875,525,560,588,252,427,630,525,343,875,217,567,441,308,602,644,994,938,931,427,266,56,945,952,651,329,931
2020-05-18 13:07:24.130699,1197,123456875,Nashville,Minty,,756,182,924,119,161,210,756,126,973,238,91,210,658,245,441,532,252,497,966,35,154,945,973,770,301,546,924,0,147,539,49,672,28,952,721,56,371,315,455,819,112,574,602,126,455,434,630,882,427,476,658,0,812,889,497,560,868,350,0,903,672,105,952,133,469,700,966,847,518,714,980,21,651,350,133,455,364,525,490,420,588,602,854,490,875,126,63,483,462,630,238,357,42,889,406,637,476,112,910,329
2020-05-17 13:07:24.130699,1198,123456876,Nashville,Fanty,,63,924,462,693,217,392,259,973,168,735,665,476,42,476,238,469,21,70,448,742,784,896,84,714,574,805,364,301,875,924,511,14,329,217,707,819,112,357,868,147,840,770,686,231,399,77,0,567,623,742,714,819,56,371,854,504,203,973,56,777,203,77,903,42,882,525,504,567,952,574,707,910,420,700,602,441,434,518,21,700,399,392,91,700,224,938,294,462,175,7,651,98,168,966,56,903,378,665,210,273
2020-05-16 13:07:24.130699,1199,123456877,Nashville,Mike,,49,763,623,546,959,28,49,980,728,126,630,455,371,840,665,294,497,525,805,133,203,434,189,854,357,210,308,455,651,595,133,343,70,721,868,224,266,658,777,938,189,728,413,833,462,14,784,567,511,679,546,840,476,763,231,392,602,889,938,182,70,854,686,826,273,539,294,70,252,840,924,931,700,28,588,168,532,469,140,854,273,49,98,322,273,875,959,553,434,119,413,651,364,224,714,182,462,91,854,819
2020-05-15 13:07:24.130699,1200,123456878,Nashville,Roger,,595,819,763,63,819,777,336,560,672,924,385,266,966,987,889,462,742,70,28,805,77,196,553,651,504,819,427,483,273,595,875,420,987,14,546,896,476,560,490,595,126,784,385,623,287,196,805,847,511,0,574,770,637,889,959,441,595,903,686,700,525,252,518,749,882,14,644,259,623,140,987,588,714,252,511,665,539,441,777,854,0,966,476,910,245,945,196,315,259,42,875,749,469,637,329,280,749,581,490,35
2020-05-14 13:07:24.130699,1201,123456879,Nashville,Mike,,7,168,609,938,273,546,182,952,924,364,476,840,476,56,308,210,861,280,392,574,371,266,266,868,469,959,742,910,399,497,42,427,735,847,154,623,203,539,175,882,105,154,315,945,392,252,105,273,609,147,455,693,84,371,882,651,987,903,889,847,854,658,623,973,518,847,35,189,700,399,315,399,322,854,294,196,42,350,770,448,455,105,987,777,609,938,854,840,994,637,546,637,357,567,532,798,189,847,161,427
2020-05-13 13:07:24.130699,1202,123456880,Las Vegas,Bill,,987,357,434,266,784,434,455,658,721,959,574,945,546,791,14,91,42,469,826,14,630,490,28,231,315,280,7,399,469,392,378,735,490,413,469,889,630,168,707,987,350,707,14,210,371,252,763,133,56,644,392,70,602,126,812,287,784,749,574,84,553,462,693,672,539,637,749,245,301,357,112,896,497,0,854,154,21,826,42,735,462,420,280,448,42,868,371,21,917,231,196,847,854,280,945,763,322,707,952,315
2020-05-12 13:07:24.130699,1203,123456881,Las Vegas,Mike,,147,357,280,462,7,861,301,777,448,770,903,847,812,245,980,406,693,819,700,238,840,301,805,994,14,210,630,168,525,651,301,28,357,616,35,182,21,112,196,21,882,322,210,371,350,637,511,196,238,861,77,539,245,924,931,168,91,175,56,196,497,868,434,574,497,658,616,413,756,91,42,686,476,854,98,917,245,35,105,343,343,651,427,756,679,826,259,938,378,84,14,770,910,154,196,112,595,413,504,231
2020-05-11 13:07:24.130699,1204,123456882,Las Vegas,Mike,,581,924,861,910,357,357,119,371,140,329,812,854,980,126,917,336,126,224,707,420,630,420,224,231,539,567,763,70,847,343,651,70,441,196,644,322,658,756,203,826,392,770,588,357,581,833,749,280,385,693,462,364,406,721,875,350,238,952,189,399,938,420,105,168,7,343,455,343,21,371,350,553,854,553,644,203,175,672,602,308,252,238,980,714,294,483,777,637,322,245,588,791,84,637,882,371,966,357,896,434
2020-05-10 13:07:24.130699,1205,123456883,Las Vegas,Roger,,469,308,742,266,364,693,833,882,707,378,784,966,63,308,77,161,14,287,448,910,714,322,560,378,812,644,42,266,581,161,931,427,301,595,406,399,476,329,784,364,497,154,35,980,217,504,308,581,434,847,182,70,399,910,175,21,742,532,854,21,28,532,616,924,805,756,84,238,742,378,476,721,987,637,959,280,693,217,441,7,427,546,609,161,385,546,434,35,903,861,609,938,973,182,574,770,252,308,889,763
2020-05-09 13:07:24.130699,1206,123456884,Las Vegas,Anabele,,399,119,483,406,105,742,28,518,315,294,497,168,994,777,490,203,553,196,35,343,259,595,637,777,511,910,392,630,427,630,392,931,931,938,147,140,959,721,315,882,434,301,994,532,861,455,434,623,259,154,161,560,168,980,966,665,987,343,84,168,903,546,322,252,658,693,525,518,980,112,798,644,595,28,98,35,700,119,826,952,861,896,812,903,266,392,287,798,476,119,784,637,686,903,777,868,140,917,105,77
2020-05-08 13:07:24.130699,1207,123456885,Las Vegas,Andrew,,119,623,532,609,203,924,546,917,7,182,882,609,112,588,476,651,763,735,511,700,588,105,546,294,777,868,679,7,441,448,560,280,637,994,973,441,756,154,49,336,217,987,616,315,287,994,609,679,133,658,959,784,581,651,511,441,602,287,140,322,161,742,945,126,140,0,378,161,322,952,553,861,28,238,609,777,266,91,777,679,49,476,791,518,777,28,476,385,84,581,525,770,469,119,581,868,819,875,308,980
2020-05-07 13:07:24.130699,1208,123456886,Las Vegas,Bill,,280,966,567,840,665,315,553,903,119,595,840,196,385,378,259,112,546,91,875,588,574,329,693,217,329,945,840,56,574,609,952,420,833,875,7,224,707,504,175,392,665,420,560,735,735,924,364,721,742,462,756,588,427,182,448,252,931,938,798,959,287,70,483,980,21,343,595,385,105,994,917,126,161,819,413,777,504,280,483,910,742,539,553,168,385,462,7,322,546,448,756,742,455,399,70,511,777,77,854,455
2020-05-06 13:07:24.130699,1209,123456887,Las Vegas,Andrew,,539,462,84,637,210,903,14,742,798,371,413,133,231,343,840,630,238,987,385,287,679,812,938,623,49,693,392,896,504,56,56,182,154,525,133,350,770,28,532,882,126,210,182,399,917,476,203,343,7,497,756,406,973,588,252,714,518,42,42,518,238,707,147,350,476,105,406,462,574,896,399,980,567,385,637,595,679,273,287,224,294,812,490,679,749,602,798,574,378,7,623,224,896,427,714,812,245,644,203,252
2020-05-05 13:07:24.130699,1210,123456888,Las Vegas,Minty,,259,756,966,749,567,427,721,980,434,259,560,175,938,91,154,427,609,427,301,868,938,532,224,56,329,231,91,987,119,245,252,896,350,385,350,7,623,280,980,588,371,938,245,805,903,70,658,812,959,945,399,231,287,875,658,805,574,14,399,714,0,329,91,371,854,700,833,455,476,826,287,385,392,245,497,357,966,910,882,987,574,665,441,980,7,931,434,833,553,539,329,161,168,343,616,490,497,833,77,175
2020-05-04 13:07:24.130699,1211,123456889,Las Vegas,Anabele,,175,700,322,756,616,77,987,84,840,371,749,616,56,728,182,546,861,770,973,112,308,532,763,588,175,105,595,476,392,791,644,245,147,532,308,637,574,42,889,231,168,112,847,413,399,651,504,728,826,217,483,938,119,784,889,329,553,455,175,875,420,238,847,189,637,567,546,329,462,833,686,588,861,245,994,112,917,455,518,609,483,196,315,931,637,483,112,63,882,56,658,140,91,994,756,994,609,462,224,427
